{"initial_reset_timestamp": 1582997346.4946642, "timestamps": [1582997349.5600605, 1582997355.1623836, 1582997360.8235302, 1582997366.5748549, 1582997369.9907262], "episode_lengths": [157, 155, 153, 154, 88], "episode_rewards": [-157.0, -155.0, -153.0, -154.0, -88.0], "episode_types": ["t", "t", "t", "t", "t"]}