{"initial_reset_timestamp": 1582997466.3121681, "timestamps": [1582997469.7275498, 1582997475.4121637], "episode_lengths": [88, 155], "episode_rewards": [-88.0, -155.0], "episode_types": ["t", "t"]}