{"initial_reset_timestamp": 1582997355.197356, "timestamps": [1582997360.8435194, 1582997366.5748549, 1582997369.9907262], "episode_lengths": [153, 154, 88], "episode_rewards": [-153.0, -154.0, -88.0], "episode_types": ["t", "t", "t"]}