{"initial_reset_timestamp": 1582997469.7464952, "timestamps": [1582997475.426128], "episode_lengths": [155], "episode_rewards": [-155.0], "episode_types": ["t"]}