{"initial_reset_timestamp": 1582997460.7021978, "timestamps": [1582997466.294847, 1582997469.7115877, 1582997475.4121637], "episode_lengths": [156, 88, 155], "episode_rewards": [-156.0, -88.0, -155.0], "episode_types": ["t", "t", "t"]}