{"initial_reset_timestamp": 1582997455.1539292, "timestamps": [1582997460.6692271, 1582997466.2788832, 1582997469.7115877, 1582997475.4121637], "episode_lengths": [154, 156, 88, 155], "episode_rewards": [-154.0, -156.0, -88.0, -155.0], "episode_types": ["t", "t", "t", "t"]}