{"initial_reset_timestamp": 1582997349.5800505, "timestamps": [1582997355.177971, 1582997360.8235302, 1582997366.5748549, 1582997369.9907262], "episode_lengths": [155, 153, 154, 88], "episode_rewards": [-155.0, -153.0, -154.0, -88.0], "episode_types": ["t", "t", "t", "t"]}