{"initial_reset_timestamp": 1582997360.8585114, "timestamps": [1582997366.5898466, 1582997369.9907262], "episode_lengths": [154, 88], "episode_rewards": [-154.0, -88.0], "episode_types": ["t", "t"]}