{"initial_reset_timestamp": 1582824391.4319153, "timestamps": [1582824395.568094], "episode_lengths": [200], "episode_rewards": [-200.0], "episode_types": ["t"]}