{"initial_reset_timestamp": 1582816455.7538085, "timestamps": [1582816456.5036316], "episode_lengths": [10], "episode_rewards": [10.0], "episode_types": ["t"]}