{"initial_reset_timestamp": 1582997366.609835, "timestamps": [1582997370.0057213], "episode_lengths": [88], "episode_rewards": [-88.0], "episode_types": ["t"]}